market_id,symbol,question,polarity,polarity_source,pct,converged,asset_confidence,question_confidence,archetype,relevance,split,entry_date,entry_prob,entry_price,exit_date,exit_price,exit_reason,peak_pct,trough_pct,return_pct,_entry_ts,_exit_ts,candidate_t_theta,candidate_t_e,_candidate_order,allocation_mode,event_family,event_priority,feat_runup_since_t0,rank_runup_clipped,entry_prob_rank_value,supporting_market_ids,supporting_questions,same_day_rank,entry_prob_rank,runup_rank,skip_reason,preempted_trade_id,preempt_reason,duplicate_signal_upgrade,_qty,_position_size_pct,_asset_entry_notional,_equity_at_entry,invested_frac_pct,_benchmark_sell_cost,_asset_buy_cost,allocation_trade_id,realized_exit_reason,gross_pnl,pnl,pnl_pct,txn_cost,exit_value,benchmark_rebuy_qty
507493,ZIM,Longshoremen east coast strike by Oct 1?,1,override,0.87,YES,5.0,5.0,US East Coast Port Strike Exposure,0.63,train,2024-09-25,0.87,23.53,2024-09-30,25.66,resolution-1d,6.8,-5.99,9.05,2024-09-25 00:00:00+00:00,2024-09-30 00:00:00+00:00,2024-09-20,2024-10-01,7,event_priority,geo,0,-0.017148475457441248,-0.017148,0.87,,,1,1,1,,,,0,531,0.11978584266340359,12494.43,104587.6,11.9464,6.96,8.11,1,resolution-1d,1131.03,1099.76,8.802,31.27,13625.46,23.7194
508672,USO,Israel strikes Iranian oil in October?,1,llm,0.8,NO,5.0,5.0,Middle East Geopolitical Oil Risk,0.8,train,2024-10-02,0.8,72.76,2024-10-07,79.2,poly<0.5441435978493911,6.38,-1.57,8.85,2024-10-02 00:00:00+00:00,2024-10-07 00:00:00+00:00,2024-10-02,2024-10-31,10,event_priority,geo,0,0.0,0.0,0.8,,,1,1,1,,,,0,173,0.11978584266340359,12587.48,105380.57,11.9448,7.0,6.9,2,poly<0.5441435978493911,1114.12,1085.19,8.6212,28.93,13701.6,24.1046
508672,XLE,Israel strikes Iranian oil in October?,1,llm,0.8,NO,,0.0,Middle East Geopolitical Oil Risk,0.64,train,2024-10-02,0.8,45.36,2024-10-07,46.76,poly<0.5441435978493911,3.03,-1.11,3.08,2024-10-02 00:00:00+00:00,2024-10-07 00:00:00+00:00,2024-10-02,2024-10-31,11,event_priority,geo,0,0.0,0.0,0.8,,,2,1,1,,,,0,277,0.11978584266340359,12564.72,105366.67,11.9248,7.0,7.25,3,poly<0.5441435978493911,387.8,358.93,2.8566,28.87,12952.52,22.786
550768,MRK,FDA approves Merck’s clesrovimab infant RSV prevention (MK‑1654)?,1,llm,0.88,YES,6.0,6.0,Merck FDA Approval,0.95,train,2025-06-09,0.88,79.33,2025-06-11,81.71,profit_lock_3%,3.21,-0.83,3.0,2025-06-09 00:00:00+00:00,2025-06-11 00:00:00+00:00,2025-06-09,2025-06-17,17,event_priority,other,3,0.00455870083305987,0.004559,0.88,,,1,1,1,,,,0,169,0.11978584266340359,13406.77,112662.38,11.9,7.45,7.29,4,profit_lock_3%,402.22,372.35,2.7774,29.87,13808.99,22.9378
551649,USO,Israel military action against Iran before August?,1,llm,1.0,YES,5.0,5.0,Israel-Iran Conflict,0.54,train,2025-06-13,1.0,80.22,2025-06-18,82.63,profit_lock_3%,3.33,-4.95,3.0,2025-06-13 00:00:00+00:00,2025-06-18 00:00:00+00:00,2025-06-12,2025-07-31,18,event_priority,geo,0,0.0030740892524956376,0.003074,1.0,552109|552109|552110|552110|552111|552111,Israel strike on Iran on June 14? || Israel strike on Iran on June 14? || Israel strike on Iran on June 15? || Israel strike on Iran on June 15? || Israel strike on Iran on June 16? || Israel strike on Iran on June 16?,1,1,1,,,,0,167,0.11978584266340359,13396.74,112491.54,11.9091,7.42,7.28,5,profit_lock_3%,402.47,372.66,2.7817,29.81,13799.21,23.0719
552114,XLE,Israel strike on Iran on June 19?,1,llm,0.785,YES,,0.0,Middle East Oil Disruption,0.52,train,2025-06-16,0.785,43.92,2025-06-18,44.04,resolution-1d,1.68,-0.75,0.27,2025-06-16 00:00:00+00:00,2025-06-18 00:00:00+00:00,2025-06-13,2025-06-20,29,event_priority,geo,0,0.0,0.0,0.785,552115,Israel strike on Iran on June 20?,5,3,1,,,,0,308,0.11978584266340359,13527.36,113146.69,11.9556,7.47,7.84,6,resolution-1d,36.96,6.29,0.0465,30.67,13564.32,22.6784
553038,UNCY,FDA approves Unicycive’s Oxylanthanum Carbonate (OLC)?,1,llm,0.79,NO,5.0,5.0,Unicycive Therapeutics Regulatory Approval,0.95,train,2025-06-18,0.79,6.68,2025-06-20,6.34,poly<0.5441435978493911,0.0,-27.54,-5.09,2025-06-18 00:00:00+00:00,2025-06-20 00:00:00+00:00,2025-06-18,2025-06-28,52,event_priority,other,3,-0.11405837372219974,-0.114058,0.79,553038,FDA approves Unicycive’s Oxylanthanum Carbonate (OLC)?,1,1,1,,,,0,2024,0.11978584266340359,13520.32,113060.75,11.9585,7.49,13.84,7,poly<0.5441435978493911,-688.16,-730.1,-5.4,41.94,12832.16,21.5581
554000,USO,Israel strike on Iran on June 24?,1,llm,0.925,YES,6.0,6.0,Middle East Oil Disruption,0.585,train,2025-06-20,0.925,83.12,2025-06-23,76.41,resolution-1d,0.0,-8.07,-8.07,2025-06-20 00:00:00+00:00,2025-06-23 00:00:00+00:00,2025-06-20,2025-06-25,66,event_priority,geo,0,0.010331908814867674,0.010332,0.925,554000|554001|554001|554002|554002|554003|554003|554005|554005|554004|554004|554006|554006|552099|552099,Israel strike on Iran on June 24? || Israel strike on Iran on June 25? || Israel strike on Iran on June 25? || Israel strike on Iran on June 26? || Israel strike on Iran on June 26? || Israel strike on Iran on June 27? || Israel strike on Iran on June 27? || Israel strike on Iran on June 29? || Israel strike on Iran on June 29? || Israel strike on Iran on June 28? || Israel strike on Iran on June 28? || Israel strike on Iran on June 30? || Israel strike on Iran on June 30? || Israel military action against Iran in July? || Israel military action against Iran in July?,1,1,1,,,,0,160,0.11978584266340359,13299.2,111804.27,11.8951,7.42,7.21,8,resolution-1d,-1073.6,-1101.7,-8.2839,28.1,12225.6,20.3485
554000,XLE,Israel strike on Iran on June 24?,1,llm,0.925,YES,,0.0,Middle East Oil Disruption,0.52,train,2025-06-20,0.925,44.49,2025-06-23,43.01,resolution-1d,0.0,-3.73,-3.32,2025-06-20 00:00:00+00:00,2025-06-23 00:00:00+00:00,2025-06-20,2025-06-25,71,event_priority,geo,0,0.010218000762592938,0.010218,0.925,554001|554002|554003|554005|554004|554006,Israel strike on Iran on June 25? || Israel strike on Iran on June 26? || Israel strike on Iran on June 27? || Israel strike on Iran on June 29? || Israel strike on Iran on June 28? || Israel strike on Iran on June 30?,3,1,15,,,,0,300,0.11978584266340359,13347.0,111789.64,11.9394,7.38,7.72,9,resolution-1d,-444.0,-473.75,-3.5495,29.75,12903.0,21.4752
553540,USO,Will the U.S. strike Fordow nuclear facility before July?,1,llm,1.0,YES,7.0,7.0,Middle East Oil Disruption,0.72,train,2025-06-23,1.0,76.41,2025-06-27,73.28,resolution-1d,0.0,-5.81,-4.1,2025-06-23 00:00:00+00:00,2025-06-27 00:00:00+00:00,2025-06-18,2025-07-01,49,event_priority,geo,0,0.0,0.0,1.0,553540,Will the U.S. strike Fordow nuclear facility before July?,1,1,1,,,,0,173,0.11978584266340359,13218.93,111069.39,11.9015,7.36,7.21,10,resolution-1d,-541.49,-570.04,-4.3123,28.55,12677.44,20.594
553540,XLE,Will the U.S. strike Fordow nuclear facility before July?,1,llm,1.0,YES,,0.0,Middle East Oil Disruption,0.64,train,2025-06-23,1.0,43.01,2025-06-27,42.65,resolution-1d,0.0,-2.06,-0.85,2025-06-23 00:00:00+00:00,2025-06-27 00:00:00+00:00,2025-06-18,2025-07-01,51,event_priority,geo,0,0.0,0.0,1.0,,,3,1,1,,,,0,308,0.11978584266340359,13247.08,111054.82,11.9284,7.33,7.7,11,resolution-1d,-110.88,-140.83,-1.0631,29.95,13136.2,21.3385
566029,REGN,Will the FDA approve Odronextamab/Ordspono Resubmitted BLA?,1,llm,0.775,YES,6.0,6.0,Regeneron FDA Approval,0.95,train,2025-07-22,0.775,560.93,2025-07-25,572.15,profit_lock_2%,3.0,-2.5,2.0,2025-07-22 00:00:00+00:00,2025-07-25 00:00:00+00:00,2025-07-22,2025-07-31,94,event_priority,other,3,0.028229359617022443,0.028229,0.775,566029,Will the FDA approve Odronextamab/Ordspono Resubmitted BLA?,1,1,1,,,,0,10,0.05,5609.3,114987.37,4.8782,3.36,3.15,12,profit_lock_2%,112.2,99.11,1.7669,13.09,5721.5,8.9702
566025,ASND,Will the FDA approve TransCon hGH sBLA?,1,llm,0.815,YES,5.0,5.0,Ascendis Pharma FDA Approval,0.95,train,2025-07-28,0.815,164.16,2025-07-30,166.78,resolution-1d,1.12,-2.01,1.6,2025-07-28 00:00:00+00:00,2025-07-30 00:00:00+00:00,2025-07-22,2025-07-31,96,event_priority,other,3,-0.014760212613175172,-0.01476,0.815,566025,Will the FDA approve TransCon hGH sBLA?,1,1,1,,,,0,37,0.05319705172203885,6073.92,116489.89,5.2141,3.62,3.39,13,resolution-1d,96.94,82.89,1.3647,14.05,6170.86,9.7151
566028,PTCT,Will the FDA approve Sepiapterin NDA?,1,llm,0.775,YES,5.0,5.0,PTC Therapeutics FDA Approval,0.95,train,2025-07-28,0.775,44.34,2025-07-30,50.1,profit_lock_13%,13.87,-0.43,13.0,2025-07-28 00:00:00+00:00,2025-07-30 00:00:00+00:00,2025-07-22,2025-07-31,92,event_priority,other,3,-0.030714609317936015,-0.030715,0.775,566028,Will the FDA approve Sepiapterin NDA?,3,3,3,,,,0,139,0.05319705172203885,6163.26,116482.89,5.2911,3.56,3.57,14,profit_lock_13%,800.64,785.52,12.7452,15.12,6963.9,10.9635
569179,LENZ,FDA approves LENZ Therapeutics’ LNZ100 for presbyopia by August 31?,1,llm,0.805,YES,5.0,5.0,LENZ Therapeutics FDA Approval,0.95,train,2025-07-29,0.805,31.67,2025-07-31,32.3,profit_lock_2%,2.81,-6.19,2.0,2025-07-29 00:00:00+00:00,2025-07-31 00:00:00+00:00,2025-07-29,2025-08-08,114,event_priority,other,3,0.005077748214849409,0.005078,0.805,569179,FDA approves LENZ Therapeutics’ LNZ100 for presbyopia by August 31?,3,3,3,,,,0,196,0.05319705172203885,6207.32,116849.53,5.3122,3.63,3.79,16,profit_lock_2%,123.48,108.52,1.7483,14.96,6330.8,10.0039
569182,TNXP,FDA approves Tonix Pharmaceuticals’ TNX-102 SL for fibromyalgia?,1,llm,0.805,YES,4.0,4.0,Tonix Pharmaceuticals FDA Approval,0.95,train,2025-07-29,0.805,42.63,2025-07-31,43.48,profit_lock_2%,2.63,-11.92,2.0,2025-07-29 00:00:00+00:00,2025-07-31 00:00:00+00:00,2025-07-29,2025-08-15,110,event_priority,other,3,-0.0987314639380854,-0.098731,0.805,569182,FDA approves Tonix Pharmaceuticals’ TNX-102 SL for fibromyalgia?,5,3,7,,,,0,145,0.05319705172203885,6181.35,116842.11,5.2903,3.63,3.6,17,profit_lock_2%,123.25,108.69,1.7583,14.56,6304.6,9.9628
569190,SNY,FDA approves Sanofi’s Rilzabrutinib for immune thrombocytopenia?,1,llm,0.775,YES,5.0,5.0,Sanofi FDA Approval,0.9,train,2025-07-30,0.775,49.25,2025-07-31,46.35,trailing_3.9ATR,0.0,-9.18,-5.9,2025-07-30 00:00:00+00:00,2025-07-31 00:00:00+00:00,2025-07-29,2025-08-29,103,event_priority,other,3,-0.0026273457824966817,-0.002627,0.775,,,1,1,1,,,,0,347,0.14741680275464422,17089.75,116209.16,14.706,9.38,9.76,19,trailing_3.9ATR,-1006.3,-1043.53,-6.1062,37.23,16083.45,25.4167
569186,TLX,FDA approves Telix Pharmaceuticals’ TLX250-CDx for kidney cancer imaging?,1,llm,0.815,YES,5.0,5.0,Telix Pharmaceuticals FDA Approval,0.95,train,2025-07-29,0.815,13.49,2025-08-01,14.16,profit_lock_5%,5.04,-4.38,5.0,2025-07-29 00:00:00+00:00,2025-08-01 00:00:00+00:00,2025-07-29,2025-08-27,107,event_priority,other,3,-0.03366764081264251,-0.033668,0.815,569186,FDA approves Telix Pharmaceuticals’ TLX250-CDx for kidney cancer imaging?,1,1,5,,,,0,460,0.05319705172203885,6205.4,116857.86,5.3102,3.62,4.71,15,profit_lock_5%,308.2,291.22,4.693,16.98,6513.6,10.4628
569181,INSM,FDA approves Insmed’s Brensocatib for bronchiectasis?,1,llm,0.8,YES,6.0,6.0,Insmed FDA Approval,0.95,train,2025-07-29,0.8,105.0,2025-08-01,108.15,profit_lock_3%,3.47,-2.66,3.0,2025-07-29 00:00:00+00:00,2025-08-01 00:00:00+00:00,2025-07-29,2025-08-12,112,event_priority,other,3,0.03194103194103204,0.031941,0.8,569181,FDA approves Insmed’s Brensocatib for bronchiectasis?,7,7,1,,,,0,59,0.05319705172203885,6195.0,116834.88,5.3024,3.62,3.45,18,profit_lock_3%,185.85,171.53,2.7688,14.32,6380.85,10.2516
569208,BIIB,FDA approves Leqembi auto-injection for early Alzheimer’s?,1,llm,0.765,YES,5.0,5.0,Eisai and Biogen Alzheimer's Approval,0.95,train,2025-07-30,0.765,126.64,2025-08-01,134.24,profit_lock_6%,6.94,-1.64,6.0,2025-07-30 00:00:00+00:00,2025-08-01 00:00:00+00:00,2025-07-29,2025-08-31,102,event_priority,other,3,-0.010674483806067059,-0.010674,0.765,,,2,2,2,,,,0,135,0.14741680275464422,17096.4,116190.01,14.7142,9.38,9.02,20,profit_lock_6%,1026.0,988.16,5.7799,37.84,18122.4,29.1175
569210,IONS,FDA approves Donidalorsen?,1,llm,0.84,YES,5.0,5.0,Ionis Pharmaceuticals Donidalorsen Approval,0.9,train,2025-08-04,0.84,43.45,2025-08-05,43.05,poly<0.5559790416260865,0.0,-2.74,-0.92,2025-08-04 00:00:00+00:00,2025-08-05 00:00:00+00:00,2025-07-29,2025-08-21,100,event_priority,other,3,0.0075297883672205135,0.00753,0.84,,,1,1,1,,,,0,482,0.17823168491125518,20942.9,117737.61,17.7878,11.42,12.16,21,poly<0.5559790416260865,-192.8,-239.73,-1.1447,46.93,20750.1,33.006
569187,PGEN,FDA approves Precigen’s PRGN-2012 for recurrent respiratory papillomatosis?,1,llm,0.996,YES,4.0,4.0,Precigen FDA Approval,0.95,train,2025-08-15,0.996,2.94,2025-08-20,3.32,profit_lock_13%,13.61,-14.63,13.0,2025-08-15 00:00:00+00:00,2025-08-20 00:00:00+00:00,2025-07-29,2025-08-27,105,event_priority,other,3,-0.006329107716228521,-0.006329,0.996,569187,FDA approves Precigen’s PRGN-2012 for recurrent respiratory papillomatosis?,1,1,1,,,,0,6641,0.1632231251940535,19524.54,119889.37,16.2855,10.67,33.01,22,profit_lock_13%,2523.58,2433.67,12.4647,89.91,22048.12,34.4798
598107,MU,Will Micron Tech (MU) beat its quarterly EPS estimate?,1,llm,0.8,YES,6.0,6.0,Micron Technology Earnings,1.0,train,2025-09-16,0.8,158.82,2025-09-19,169.94,profit_lock_7%,7.32,-2.24,7.0,2025-09-16 00:00:00+00:00,2025-09-19 00:00:00+00:00,2025-09-15,2025-09-30,120,event_priority,earnings,2,0.0,0.0,0.8,,,2,2,1,,,,0,156,0.19748655484271582,24775.92,125632.14,19.721,13.44,12.93,24,profit_lock_7%,1734.72,1680.22,6.7817,54.5,26510.64,39.9013
598111,JBL,Will Jabil (JBL) beat its quarterly EPS estimate?,1,llm,0.8,YES,5.0,5.0,Jabil Earnings,0.9,train,2025-09-17,0.8,213.64,2025-09-19,226.46,profit_lock_6%,6.01,-2.45,6.0,2025-09-17 00:00:00+00:00,2025-09-19 00:00:00+00:00,2025-09-15,2025-10-02,121,event_priority,earnings,2,0.0,0.0,0.8,,,1,1,1,,,,0,115,0.19748655484271582,24568.6,125503.81,19.576,13.43,12.69,25,profit_lock_6%,1474.3,1420.67,5.7825,53.63,26042.9,39.1975
598104,GIS,Will General Mills (GIS) beat its quarterly EPS estimate?,1,llm,0.91,YES,6.0,6.0,General Mills Earnings,1.0,train,2025-09-16,0.91,49.56,2025-09-23,50.56,resolution-1d,2.44,-2.3,2.02,2025-09-16 00:00:00+00:00,2025-09-23 00:00:00+00:00,2025-09-15,2025-09-24,119,event_priority,earnings,2,0.0,0.0,0.91,,,1,1,1,,,,0,500,0.19748655484271582,24780.0,125659.73,19.7199,13.45,14.14,23,resolution-1d,500.0,444.34,1.7931,55.66,25280.0,38.0753
598106,FDX,Will Fedex (FDX) beat its quarterly EPS estimate?,1,llm,0.997,YES,6.0,6.0,FedEx Earnings,1.0,train,2025-09-19,0.997,186.74,2025-09-24,188.36,resolution-1d,1.76,-2.81,0.86,2025-09-19 00:00:00+00:00,2025-09-24 00:00:00+00:00,2025-09-15,2025-09-25,122,event_priority,earnings,2,0.0,0.0,0.997,,,1,1,1,,,,0,137,0.2,25583.38,128110.11,19.9698,13.87,13.27,28,resolution-1d,221.94,167.46,0.6546,54.48,25805.32,38.9926
599650,CASH,Will Pathward Financial (CASH) beat its quarterly EPS estimate?,1,llm,0.77,NO,4.0,4.0,Pathward Financial Earnings,1.0,train,2025-09-18,0.77,77.06,2025-09-25,75.17,poly<0.5559790416260865,1.49,-3.89,-2.45,2025-09-18 00:00:00+00:00,2025-09-25 00:00:00+00:00,2025-09-16,2025-10-22,123,event_priority,earnings,2,0.0,0.0,0.77,,,2,2,1,,,,0,329,0.19748655484271582,25352.74,128521.92,19.7264,13.73,13.83,27,poly<0.5559790416260865,-621.81,-676.28,-2.6675,54.47,24730.93,37.5413
599651,MLKN,Will MillerKnoll (MLKN) beat its quarterly EPS estimate?,1,llm,0.996,YES,5.0,5.0,MillerKnoll Earnings,1.0,train,2025-09-24,0.996,16.96,2025-09-26,17.64,profit_lock_4%,4.3,-0.94,4.0,2025-09-24 00:00:00+00:00,2025-09-26 00:00:00+00:00,2025-09-16,2025-09-30,128,event_priority,earnings,2,0.0,0.0,0.996,,,1,1,1,,,,0,1499,0.2,25423.04,127341.78,19.9644,13.79,17.96,30,profit_lock_4%,1019.32,954.81,3.7557,64.51,26442.36,39.9045
598110,ACN,Will Accenture (ACN) beat its quarterly EPS estimate?,1,llm,0.8,YES,6.0,6.0,Accenture Earnings,1.0,train,2025-09-22,0.8,239.99,2025-09-30,247.19,profit_lock_3%,3.81,-4.41,3.0,2025-09-22 00:00:00+00:00,2025-09-30 00:00:00+00:00,2025-09-15,2025-10-02,117,event_priority,earnings,2,0.0,0.0,0.8,,,1,1,1,,,,0,106,0.2,25438.94,128386.36,19.8144,13.9,13.09,29,profit_lock_3%,763.2,708.57,2.7854,54.63,26202.14,39.2904
599652,PRGS,Will Progress Software (PRGS) beat its quarterly EPS estimate?,1,llm,0.825,YES,5.0,5.0,Progress Software Earnings,1.0,train,2025-09-18,0.825,43.45,2025-10-01,46.49,profit_lock_7%,7.48,-7.27,7.0,2025-09-18 00:00:00+00:00,2025-10-01 00:00:00+00:00,2025-09-16,2025-10-06,127,event_priority,earnings,2,0.0,0.0,0.825,,,1,1,1,,,,0,583,0.19748655484271582,25331.35,128550.38,19.7054,13.75,14.71,26,profit_lock_7%,1772.32,1713.63,6.7648,58.69,27103.67,40.5018
613067,JNJ,Will Johnson & Johnson (JNJ) beat quarterly earnings?,1,llm,0.805,YES,6.0,6.0,Johnson & Johnson Earnings,0.95,train,2025-09-26,0.805,179.71,2025-10-01,185.1,profit_lock_3%,3.49,-1.33,3.0,2025-09-26 00:00:00+00:00,2025-10-01 00:00:00+00:00,2025-09-26,2025-10-14,138,event_priority,earnings,2,0.0,0.0,0.805,,,4,3,5,,,,0,10,0.2,1797.1,128915.82,1.394,1.3,1.25,34,profit_lock_3%,53.9,48.75,2.7126,5.15,1851.0,2.7652
613049,LEVI,Will Levi Strauss & Co. (LEVI) beat quarterly earnings?,1,llm,0.825,YES,5.0,5.0,Levi Strauss Earnings,1.0,train,2025-09-26,0.825,23.02,2025-10-02,24.4,profit_lock_6%,6.08,-1.39,6.0,2025-09-26 00:00:00+00:00,2025-10-02 00:00:00+00:00,2025-09-26,2025-10-09,136,event_priority,earnings,2,0.009206532079706564,0.009207,0.825,,,2,2,2,,,,0,1119,0.2,25759.38,128974.28,19.9725,13.96,16.8,32,profit_lock_6%,1544.22,1481.15,5.7499,63.07,27303.6,40.7509
613057,C,Will Citigroup (C) beat quarterly earnings?,1,llm,0.805,YES,6.0,6.0,Citigroup Earnings,0.95,train,2025-09-26,0.805,103.42,2025-10-02,97.24,trailing_3.9ATR,0.94,-6.5,-5.97,2025-09-26 00:00:00+00:00,2025-10-02 00:00:00+00:00,2025-09-26,2025-10-14,137,event_priority,earnings,2,0.012829277747168577,0.012829,0.805,,,3,3,1,,,,0,249,0.2,25751.58,128943.53,19.9712,13.96,13.75,33,trailing_3.9ATR,-1538.82,-1592.62,-6.1846,53.8,24212.76,36.1416
613051,DAL,Will Delta Air Lines (DAL) beat quarterly earnings?,1,llm,0.895,YES,6.0,6.0,Delta Air Lines Earnings,1.0,train,2025-10-03,0.895,57.26,2025-10-07,56.63,resolution-1d,2.22,-1.73,-1.1,2025-10-03 00:00:00+00:00,2025-10-07 00:00:00+00:00,2025-09-26,2025-10-09,134,event_priority,earnings,2,0.008107139070586689,0.008107,0.895,,,1,1,1,,,,0,446,0.19510978477451446,25537.96,131167.16,19.4698,13.85,14.33,35,resolution-1d,-280.98,-337.02,-1.3197,56.04,25256.98,37.7049
620032,NRIX,Will Nurix Therapeutics (NRIX) beat quarterly earnings?,1,llm,0.83,YES,3.0,3.0,Nurix Therapeutics Earnings,0.95,train,2025-10-06,0.83,9.95,2025-10-07,9.83,resolution-1d,0.0,-5.23,-1.21,2025-10-06 00:00:00+00:00,2025-10-07 00:00:00+00:00,2025-10-04,2025-10-09,164,event_priority,earnings,2,0.03303966886074772,0.03304,0.83,,,3,3,1,,,,0,26,0.19510978477451446,258.7,131115.36,0.1973,0.0,0.48,40,resolution-1d,-3.12,-4.56,-1.7635,1.44,255.58,0.3805
614609,IBKR,Will Interactive Brokers Group (IBKR) beat quarterly earnings?,1,llm,0.82,YES,5.0,5.0,Interactive Brokers Group Earnings,0.95,train,2025-10-03,0.82,70.36,2025-10-09,71.77,profit_lock_2%,2.76,-2.56,2.0,2025-10-03 00:00:00+00:00,2025-10-09 00:00:00+00:00,2025-09-27,2025-10-16,146,event_priority,earnings,2,0.0,0.0,0.82,,,2,2,2,,,,0,363,0.19510978477451446,25540.68,131138.99,19.476,13.84,14.04,36,profit_lock_2%,511.83,455.57,1.7837,56.26,26052.51,38.7748
627654,NFLX,Will Netflix (NFLX) beat quarterly earnings?,1,llm,0.895,YES,7.0,7.0,Netflix Earnings,1.0,train,2025-10-08,0.895,121.43,2025-10-09,123.11,poly<0.5559790416260865,0.0,-1.83,1.39,2025-10-08 00:00:00+00:00,2025-10-09 00:00:00+00:00,2025-10-08,2025-10-21,186,event_priority,earnings,2,0.0,0.0,0.895,,,2,2,1,,,,0,1,0.1550988851262544,121.43,130073.81,0.0934,0.0,0.41,43,poly<0.5559790416260865,1.68,0.44,0.3655,1.24,123.11,0.1822
613055,WFC,Will Wells Fargo (WFC) beat quarterly earnings?,1,llm,0.86,YES,6.0,6.0,Wells Fargo Earnings,1.0,train,2025-09-26,0.86,85.01,2025-10-10,79.0,trailing_3.9ATR,0.21,-8.69,-7.07,2025-09-26 00:00:00+00:00,2025-10-10 00:00:00+00:00,2025-09-26,2025-10-14,133,event_priority,earnings,2,0.008183140938134992,0.008183,0.86,,,1,1,3,,,,0,303,0.2,25758.03,129002.18,19.9671,13.96,13.94,31,trailing_3.9ATR,-1821.03,-1874.93,-7.279,53.9,23937.0,36.616
613066,DPZ,Will Domino’s Pizza (DPZ) beat quarterly earnings?,1,llm,0.795,YES,5.0,5.0,Domino's Pizza Earnings,0.95,train,2025-10-03,0.795,426.71,2025-10-10,406.37,resolution-1d,0.77,-5.24,-4.77,2025-10-03 00:00:00+00:00,2025-10-10 00:00:00+00:00,2025-09-26,2025-10-14,130,event_priority,earnings,2,0.0,0.0,0.795,,,3,3,2,,,,0,59,0.19510978477451446,25175.89,131111.11,19.202,13.84,12.94,37,resolution-1d,-1200.06,-1252.17,-4.9737,52.11,23975.83,36.6765
619556,BLK,Will BlackRock (BLK) beat quarterly earnings?,1,llm,0.865,YES,7.0,7.0,BlackRock Earnings,0.95,train,2025-10-06,0.865,1179.27,2025-10-10,1132.36,resolution-1d,0.4,-4.06,-3.98,2025-10-06 00:00:00+00:00,2025-10-10 00:00:00+00:00,2025-10-04,2025-10-14,163,event_priority,earnings,2,0.017194384254001882,0.017194,0.865,,,2,2,4,,,,0,4,0.19510978477451446,4717.08,131121.01,3.5975,2.94,2.71,39,resolution-1d,-187.64,-198.64,-4.2111,11.0,4529.44,6.9279
627658,PM,Will Philip Morris International (PM) beat quarterly earnings?,1,llm,0.92,YES,7.0,7.0,Philip Morris International Earnings,1.0,train,2025-10-09,0.92,156.85,2025-10-13,159.99,profit_lock_2%,2.99,-2.13,2.0,2025-10-09 00:00:00+00:00,2025-10-13 00:00:00+00:00,2025-10-08,2025-10-21,184,event_priority,earnings,2,0.0,0.0,0.92,,,1,1,3,,,,0,155,0.18894190580814957,24311.75,129423.77,18.7846,13.24,12.7,44,profit_lock_2%,486.7,434.39,1.7868,52.31,24798.45,37.3614
619541,STT,Will State Street (STT) beat quarterly earnings?,1,llm,0.88,YES,6.0,6.0,State Street Earnings,0.95,train,2025-10-06,0.88,116.9,2025-10-15,116.71,resolution-1d,1.15,-5.16,-0.16,2025-10-06 00:00:00+00:00,2025-10-15 00:00:00+00:00,2025-10-04,2025-10-17,165,event_priority,earnings,2,0.026459693708535292,0.02646,0.88,,,1,1,2,,,,0,218,0.19510978477451446,25484.2,131148.37,19.4316,13.86,13.51,38,resolution-1d,-41.42,-96.04,-0.3769,54.62,25442.78,38.2091
627739,AAL,Will American Airlines Group (AAL) beat quarterly earnings?,1,llm,0.85,YES,6.0,6.0,American Airlines Earnings,1.0,train,2025-10-13,0.85,11.74,2025-10-15,12.21,profit_lock_4%,4.6,-1.87,4.0,2025-10-13 00:00:00+00:00,2025-10-15 00:00:00+00:00,2025-10-10,2025-10-23,195,event_priority,earnings,2,-0.024555457370799894,-0.024555,0.85,,,1,1,1,,,,0,2195,0.2,25769.3,129075.3,19.9645,13.97,20.57,48,profit_lock_4%,1031.65,961.55,3.7314,70.1,26800.95,40.2384
620052,SFBS,Will ServisFirst Bancshares (SFBS) beat quarterly earnings?,1,llm,0.87,YES,5.0,5.0,ServisFirst Bancshares Earnings,0.95,train,2025-10-07,0.87,81.99,2025-10-16,74.82,trailing_3.9ATR,0.72,-9.35,-8.75,2025-10-07 00:00:00+00:00,2025-10-16 00:00:00+00:00,2025-10-05,2025-10-20,167,event_priority,earnings,2,0.0025957859148553197,0.002596,0.87,,,1,1,1,,,,0,245,0.1550988851262544,20087.55,129666.27,15.4917,10.96,10.9,41,trailing_3.9ATR,-1756.65,-1798.55,-8.9535,41.9,18330.9,27.7169
627660,DGX,Will Quest Diagnostics (DGX) beat quarterly earnings?,1,llm,0.9,YES,6.0,6.0,Quest Diagnostics Earnings,1.0,train,2025-10-08,0.9,180.89,2025-10-16,186.32,profit_lock_3%,3.99,-1.3,3.0,2025-10-08 00:00:00+00:00,2025-10-16 00:00:00+00:00,2025-10-08,2025-10-21,182,event_priority,earnings,2,0.0,0.0,0.9,,,1,1,1,,,,0,29,0.1550988851262544,5245.81,130079.99,4.0328,3.2,2.97,42,profit_lock_3%,157.47,145.05,2.7651,12.42,5403.28,8.1694
627663,TXN,Will Texas Instruments (TXN) beat quarterly earnings?,1,llm,0.915,YES,7.0,7.0,Texas Instruments Earnings,1.0,train,2025-10-09,0.915,178.96,2025-10-20,179.59,resolution-1d,1.46,-4.38,0.35,2025-10-09 00:00:00+00:00,2025-10-20 00:00:00+00:00,2025-10-08,2025-10-21,181,event_priority,earnings,2,0.0,0.0,0.915,,,2,2,3,,,,0,10,0.18894190580814957,1789.6,129397.83,1.383,1.26,1.24,45,resolution-1d,6.3,1.26,0.0702,5.04,1795.9,2.6715
627652,MAT,Will Mattel (MAT) beat quarterly earnings?,1,llm,0.81,YES,5.0,5.0,Mattel Earnings,1.0,train,2025-10-09,0.81,18.1,2025-10-20,18.37,resolution-1d,2.15,-6.35,1.49,2025-10-09 00:00:00+00:00,2025-10-20 00:00:00+00:00,2025-10-08,2025-10-21,178,event_priority,earnings,2,0.0,0.0,0.81,,,15,15,3,,,,0,1,0.18894190580814957,18.1,129394.96,0.014,0.0,0.36,47,resolution-1d,0.27,-0.81,-4.467,1.08,18.37,0.0263
627673,T,Will AT&T (T) beat quarterly earnings?,1,llm,0.82,NO,7.0,7.0,AT&T Earnings,1.0,train,2025-10-09,0.82,26.1,2025-10-21,26.05,resolution-1d,1.46,-2.87,-0.19,2025-10-09 00:00:00+00:00,2025-10-21 00:00:00+00:00,2025-10-08,2025-10-22,188,event_priority,earnings,2,0.0,0.0,0.82,,,14,13,3,,,,0,1,0.18894190580814957,26.1,129395.33,0.0202,0.0,0.36,46,resolution-1d,-0.05,-1.14,-4.3541,1.09,26.05,0.0377
637859,WDFC,Will WD-40 Company (WDFC) beat quarterly earnings?,1,llm,0.805,YES,5.0,5.0,WD-40 Company Earnings,1.0,train,2025-10-20,0.805,193.07,2025-10-21,198.58,resolution-1d,0.0,-2.94,2.85,2025-10-20 00:00:00+00:00,2025-10-21 00:00:00+00:00,2025-10-17,2025-10-22,207,event_priority,earnings,2,0.026442151657560142,0.026442,0.805,,,5,5,1,,,,0,87,0.12862959096343668,16797.09,131325.55,12.7904,9.22,8.75,53,resolution-1d,479.37,442.95,2.6371,36.42,17276.46,25.7087
637874,FCN,Will FTI Consulting (FCN) beat quarterly earnings?,1,llm,0.805,YES,5.0,5.0,FTI Consulting Earnings,1.0,train,2025-10-20,0.805,152.66,2025-10-21,153.25,poly<0.5559790416260865,0.0,-0.56,0.39,2025-10-20 00:00:00+00:00,2025-10-21 00:00:00+00:00,2025-10-17,2025-10-23,203,event_priority,earnings,2,0.0037579598611738874,0.003758,0.805,,,8,5,7,,,,0,88,0.12862959096343668,13434.08,131269.83,10.2339,7.49,7.07,56,poly<0.5559790416260865,51.92,22.81,0.1698,29.11,13486.0,20.068
637848,SEIC,Will SEI Investments (SEIC) beat quarterly earnings?,1,llm,0.805,YES,5.0,5.0,SEI Investments Earnings,1.0,train,2025-10-20,0.805,81.69,2025-10-21,82.47,resolution-1d,0.0,-0.93,0.95,2025-10-20 00:00:00+00:00,2025-10-21 00:00:00+00:00,2025-10-17,2025-10-22,208,event_priority,earnings,2,0.0034778135867279403,0.003478,0.805,,,9,5,8,,,,0,1,0.12862959096343668,81.69,131255.28,0.0622,0.0,0.39,57,resolution-1d,0.78,-0.39,-0.4828,1.17,82.47,0.1217
637883,SSNC,Will SS&C Technologies Holdings (SSNC) beat quarterly earnings?,1,llm,0.855,YES,6.0,6.0,SS&C Technologies Earnings,1.0,train,2025-10-20,0.855,81.39,2025-10-22,82.05,resolution-1d,1.76,-1.71,0.81,2025-10-20 00:00:00+00:00,2025-10-22 00:00:00+00:00,2025-10-17,2025-10-23,199,event_priority,earnings,2,0.0017601130002138365,0.00176,0.855,,,1,1,10,,,,0,207,0.12862959096343668,16847.73,131402.68,12.8215,9.27,9.15,49,resolution-1d,136.62,99.68,0.5916,36.94,16984.35,25.4056
637877,HON,Will Honeywell International (HON) beat quarterly earnings?,1,llm,0.845,YES,7.0,7.0,Honeywell International Earnings,1.0,train,2025-10-20,0.845,194.18,2025-10-22,194.73,resolution-1d,2.22,-0.83,0.28,2025-10-20 00:00:00+00:00,2025-10-22 00:00:00+00:00,2025-10-17,2025-10-23,215,event_priority,earnings,2,-0.0010336721162086393,-0.001034,0.845,,,2,2,11,,,,0,86,0.12862959096343668,16699.48,131384.27,12.7104,9.25,8.7,50,resolution-1d,47.3,11.45,0.0685,35.85,16746.78,25.0507
637869,COUR,Will Coursera (COUR) beat quarterly earnings?,1,llm,0.83,NO,5.0,5.0,Coursera Earnings,1.0,train,2025-10-20,0.83,10.62,2025-10-22,10.45,resolution-1d,1.32,-5.74,-1.6,2025-10-20 00:00:00+00:00,2025-10-22 00:00:00+00:00,2025-10-17,2025-10-23,213,event_priority,earnings,2,-0.005946523162470907,-0.005947,0.83,,,3,3,12,,,,0,1588,0.12862959096343668,16864.56,131366.73,12.8378,9.17,13.99,51,resolution-1d,-269.96,-316.07,-1.8742,46.11,16594.6,24.8153
637884,TMUS,Will T-Mobile US (TMUS) beat quarterly earnings?,1,llm,0.81,YES,7.0,7.0,T-Mobile US Earnings,1.0,train,2025-10-20,0.81,230.09,2025-10-22,227.4,resolution-1d,0.18,-4.92,-1.17,2025-10-20 00:00:00+00:00,2025-10-22 00:00:00+00:00,2025-10-17,2025-10-23,204,event_priority,earnings,2,0.012718061036100403,0.012718,0.81,,,4,4,2,,,,0,73,0.12862959096343668,16796.57,131343.56,12.7883,9.26,8.75,52,resolution-1d,-196.37,-232.13,-1.382,35.76,16600.2,24.8315
637880,STBA,Will S&T Bancorp (STBA) beat quarterly earnings?,1,llm,0.805,YES,5.0,5.0,S&T Bancorp Earnings,1.0,train,2025-10-20,0.805,35.69,2025-10-22,35.69,resolution-1d,0.92,-2.38,0.0,2025-10-20 00:00:00+00:00,2025-10-22 00:00:00+00:00,2025-10-17,2025-10-23,196,event_priority,earnings,2,0.009812413783992335,0.009812,0.805,,,6,5,3,,,,0,472,0.12862959096343668,16845.68,131307.58,12.8292,9.22,10.07,54,resolution-1d,0.0,-38.6,-0.2291,38.6,16845.68,25.1967
637876,HAS,Will Hasbro (HAS) beat quarterly earnings?,1,llm,0.805,YES,6.0,6.0,Hasbro Earnings,1.0,train,2025-10-20,0.805,74.79,2025-10-22,75.16,resolution-1d,1.03,-1.27,0.49,2025-10-20 00:00:00+00:00,2025-10-22 00:00:00+00:00,2025-10-17,2025-10-23,211,event_priority,earnings,2,0.005510699251427109,0.005511,0.805,,,7,5,6,,,,0,225,0.12862959096343668,16827.75,131288.28,12.8174,9.25,9.2,55,resolution-1d,83.25,46.29,0.2751,36.96,16911.0,25.2957
643017,EA,Will Electronic Arts (EA) beat quarterly earnings?,1,llm,0.83,YES,6.0,6.0,Electronic Arts Earnings,0.95,train,2025-10-22,0.83,200.75,2025-10-27,200.5,resolution-1d,0.07,-0.22,-0.12,2025-10-22 00:00:00+00:00,2025-10-27 00:00:00+00:00,2025-10-22,2025-10-28,235,event_priority,earnings,2,0.0009972423096427097,0.000997,0.83,,,2,2,2,,,,0,32,0.05,6424.0,131219.15,4.8956,3.65,3.56,61,resolution-1d,-8.0,-22.5,-0.3503,14.5,6416.0,9.3525
643038,SOFI,Will SoFi Technologies (SOFI) beat quarterly earnings?,1,llm,0.825,YES,5.0,5.0,SoFi Technologies Earnings,0.95,train,2025-10-23,0.825,28.08,2025-10-27,29.76,profit_lock_6%,6.37,-3.14,6.0,2025-10-23 00:00:00+00:00,2025-10-27 00:00:00+00:00,2025-10-22,2025-10-28,240,event_priority,earnings,2,-0.054260850989300224,-0.054261,0.825,,,1,1,1,,,,0,234,0.05,6570.72,131987.84,4.9783,3.83,4.1,62,profit_lock_6%,393.12,376.87,5.7356,16.25,6963.84,10.1505
642130,GOOGL,Will Alphabet (GOOGL) beat quarterly earnings?,1,llm,0.88,YES,7.0,7.0,Alphabet Earnings,1.0,train,2025-10-21,0.88,250.46,2025-10-28,267.99,profit_lock_7%,7.86,-2.52,7.0,2025-10-21 00:00:00+00:00,2025-10-28 00:00:00+00:00,2025-10-21,2025-10-29,223,event_priority,earnings,2,0.0,0.0,0.88,,,1,1,1,,,,0,39,0.07443673207086289,9767.94,132395.97,7.3778,5.53,5.23,58,profit_lock_7%,683.67,661.47,6.7719,22.2,10451.61,15.1954
642131,AMZN,Will Amazon.com (AMZN) beat quarterly earnings?,1,llm,0.86,YES,7.0,7.0,Amazon Earnings,1.0,train,2025-10-21,0.86,222.03,2025-10-28,226.47,profit_lock_2%,2.87,-2.48,2.0,2025-10-21 00:00:00+00:00,2025-10-28 00:00:00+00:00,2025-10-21,2025-10-30,224,event_priority,earnings,2,0.0,0.0,0.86,,,2,2,1,,,,0,44,0.07443673207086289,9769.32,132385.21,7.3795,5.51,5.23,59,profit_lock_2%,195.36,173.68,1.7778,21.68,9964.68,14.4874
643054,MSFT,Will Microsoft (MSFT) beat quarterly earnings?,1,llm,0.85,YES,7.0,7.0,Microsoft Earnings,1.0,train,2025-10-22,0.85,520.54,2025-10-28,542.07,resolution-1d,2.7,-0.54,4.14,2025-10-22 00:00:00+00:00,2025-10-28 00:00:00+00:00,2025-10-22,2025-10-29,242,event_priority,earnings,2,0.0055635069973014595,0.005564,0.85,,,1,1,1,,,,0,12,0.05,6246.48,131226.4,4.7601,3.77,3.47,60,resolution-1d,258.36,243.74,3.902,14.62,6504.84,9.4569
647869,COIN,Will Coinbase Global (COIN) beat quarterly earnings?,1,llm,0.87,YES,5.0,5.0,Coinbase Earnings,1.0,train,2025-10-24,0.87,354.46,2025-10-28,372.18,profit_lock_5%,5.3,-6.05,5.0,2025-10-24 00:00:00+00:00,2025-10-28 00:00:00+00:00,2025-10-24,2025-11-03,261,event_priority,earnings,2,0.0,0.0,0.87,,,1,1,2,,,,0,18,0.05,6380.28,133406.26,4.7826,3.86,3.54,63,profit_lock_5%,318.96,303.98,4.7643,14.98,6699.24,9.7396
647508,CVNA,Will Carvana (CVNA) beat quarterly earnings?,1,llm,0.85,YES,5.0,5.0,Carvana Earnings,0.95,train,2025-10-24,0.85,70.24,2025-10-28,72.35,profit_lock_3%,3.56,-1.91,3.0,2025-10-24 00:00:00+00:00,2025-10-28 00:00:00+00:00,2025-10-24,2025-10-29,246,event_priority,earnings,2,0.026870521695902427,0.026871,0.85,,,2,2,1,,,,0,94,0.05,6602.56,133398.86,4.9495,3.72,3.65,64,profit_lock_3%,198.34,183.28,2.776,15.06,6800.9,9.8874
647938,MA,Will Mastercard (MA) beat quarterly earnings?,1,llm,0.85,YES,7.0,7.0,Mastercard Earnings,1.0,train,2025-10-24,0.85,573.67,2025-10-29,554.58,resolution-1d,0.36,-3.91,-3.33,2025-10-24 00:00:00+00:00,2025-10-29 00:00:00+00:00,2025-10-24,2025-10-30,257,event_priority,earnings,2,0.0,0.0,0.85,,,4,2,2,,,,0,11,0.05,6310.37,133384.08,4.731,3.76,3.51,66,resolution-1d,-209.99,-224.23,-3.5533,14.24,6100.38,8.8646
647937,ICE,Will Intercontinental Exchange (ICE) beat quarterly earnings?,1,llm,0.85,YES,7.0,7.0,Intercontinental Exchange Earnings,1.0,train,2025-10-24,0.85,157.65,2025-10-29,150.62,resolution-1d,1.62,-4.85,-4.46,2025-10-24 00:00:00+00:00,2025-10-29 00:00:00+00:00,2025-10-24,2025-10-30,258,event_priority,earnings,2,0.0,0.0,0.85,,,5,2,2,,,,0,42,0.05,6621.3,133376.82,4.9644,3.68,3.66,67,resolution-1d,-295.26,-309.8,-4.6788,14.54,6326.04,9.1925
648017,SPGI,Will S&P Global (SPGI) beat quarterly earnings?,1,llm,0.94,YES,,0.0,S&P Global Earnings,1.0,train,2025-10-27,0.94,496.64,2025-10-29,473.05,resolution-1d,0.32,-5.17,-4.75,2025-10-27 00:00:00+00:00,2025-10-29 00:00:00+00:00,2025-10-24,2025-10-30,254,event_priority,earnings,2,0.0,0.0,0.94,,,1,1,1,,,,0,13,0.05,6456.32,135089.0,4.7793,3.89,3.58,68,resolution-1d,-306.67,-321.16,-4.9743,14.49,6149.65,8.9362
647871,LLY,Will Eli Lilly and Company (LLY) beat quarterly earnings?,1,llm,0.93,YES,7.0,7.0,Eli Lilly Earnings,1.0,train,2025-10-27,0.93,826.41,2025-10-29,813.53,resolution-1d,0.37,-2.03,-1.56,2025-10-27 00:00:00+00:00,2025-10-29 00:00:00+00:00,2025-10-24,2025-10-30,260,event_priority,earnings,2,0.0,0.0,0.93,,,2,2,1,,,,0,8,0.05,6611.28,135081.53,4.8943,3.76,3.66,69,resolution-1d,-103.04,-117.85,-1.7825,14.81,6508.24,9.4573
648228,CBOE,Will Cboe Global Markets (CBOE) beat quarterly earnings?,1,llm,0.85,YES,,0.0,Cboe Global Markets Earnings,1.0,train,2025-10-24,0.85,238.75,2025-10-30,236.81,resolution-1d,0.85,-2.92,-0.81,2025-10-24 00:00:00+00:00,2025-10-30 00:00:00+00:00,2025-10-24,2025-10-31,249,event_priority,earnings,2,0.0,0.0,0.85,,,3,2,2,,,,0,27,0.05,6446.25,133391.49,4.8326,3.84,3.57,65,resolution-1d,-52.38,-67.06,-1.0403,14.68,6393.87,9.3944
652657,FTDR,Will Frontdoor (FTDR) beat quarterly earnings?,1,llm,0.845,YES,,0.0,Frontdoor Earnings,0.95,train,2025-10-29,0.845,66.17,2025-10-31,68.82,profit_lock_4%,4.07,-1.78,4.0,2025-10-29 00:00:00+00:00,2025-10-31 00:00:00+00:00,2025-10-28,2025-11-05,283,event_priority,earnings,2,-0.010458942905438473,-0.010459,0.845,,,2,2,5,,,,0,101,0.05,6683.17,133971.99,4.9885,3.69,3.7,74,profit_lock_4%,267.65,252.42,3.7769,15.23,6950.82,10.1794
652465,PLTR,Will Palantir Technologies (PLTR) beat quarterly earnings?,1,llm,0.835,YES,,0.0,Palantir Technologies Earnings,1.0,train,2025-10-29,0.835,198.81,2025-10-31,200.47,resolution-1d,0.43,-4.18,0.83,2025-10-29 00:00:00+00:00,2025-10-31 00:00:00+00:00,2025-10-28,2025-11-03,288,event_priority,earnings,2,0.0022201788983795545,0.00222,0.835,,,3,3,1,,,,0,33,0.05,6560.73,133964.61,4.8974,3.88,3.63,75,resolution-1d,54.78,39.77,0.6062,15.01,6615.51,9.6883
643018,IART,Will Integra LifeSciences Holdings (IART) beat quarterly earnings?,1,llm,0.935,YES,5.0,5.0,Integra LifeSciences Earnings,0.9,train,2025-10-30,0.935,11.81,2025-10-31,12.01,resolution-1d,0.0,-6.44,1.69,2025-10-30 00:00:00+00:00,2025-10-31 00:00:00+00:00,2025-10-22,2025-11-03,234,event_priority,earnings,2,-0.026448367334204637,-0.026448,0.935,,,1,1,10,,,,0,561,0.05,6625.41,132729.79,4.9917,3.83,5.28,78,resolution-1d,112.2,93.86,1.4166,18.34,6737.61,9.8648
652646,LYFT,Will Lyft (LYFT) beat quarterly earnings?,1,llm,0.855,YES,,0.0,Lyft Earnings,0.95,train,2025-10-28,0.855,20.03,2025-11-03,20.63,profit_lock_3%,3.02,-2.25,3.0,2025-10-28 00:00:00+00:00,2025-11-03 00:00:00+00:00,2025-10-28,2025-11-05,289,event_priority,earnings,2,-0.02908378567761405,-0.029084,0.855,,,1,1,2,,,,0,337,0.05,6750.11,135306.36,4.9888,3.92,4.55,70,profit_lock_3%,202.2,185.06,2.7416,17.14,6952.31,10.1613
655266,APP,Will AppLovin (APP) beat quarterly earnings?,1,llm,0.86,YES,,0.0,AppLovin Earnings,0.95,train,2025-10-29,0.86,631.2,2025-11-03,650.14,profit_lock_3%,3.43,-2.22,3.0,2025-10-29 00:00:00+00:00,2025-11-03 00:00:00+00:00,2025-10-29,2025-11-05,295,event_priority,earnings,2,0.0,0.0,0.86,,,1,1,2,,,,0,10,0.05,6312.0,133979.38,4.7112,3.89,3.51,73,profit_lock_3%,189.4,174.62,2.7665,14.78,6501.4,9.5034
655400,HOOD,Will Robinhood Markets (HOOD) beat quarterly earnings?,1,llm,0.82,YES,,0.0,Robinhood Markets Earnings,0.95,train,2025-10-29,0.82,144.8,2025-11-03,149.14,profit_lock_3%,3.92,-5.21,3.0,2025-10-29 00:00:00+00:00,2025-11-03 00:00:00+00:00,2025-10-29,2025-11-05,294,event_priority,earnings,2,0.0,0.0,0.82,,,4,4,2,,,,0,46,0.05,6660.8,133957.1,4.9723,3.82,3.68,76,profit_lock_3%,199.64,184.39,2.7683,15.25,6860.44,10.0282
655460,HUBS,Will HubSpot (HUBS) beat quarterly earnings?,1,llm,0.825,YES,,0.0,HubSpot Earnings,0.95,train,2025-10-30,0.825,477.62,2025-11-03,491.95,profit_lock_3%,3.42,-2.76,3.0,2025-10-30 00:00:00+00:00,2025-11-03 00:00:00+00:00,2025-10-30,2025-11-05,300,event_priority,earnings,2,0.024671758603938,0.024672,0.825,,,2,2,1,,,,0,13,0.05,6209.06,132720.68,4.6783,3.85,3.45,79,profit_lock_3%,186.29,171.72,2.7656,14.57,6395.35,9.3483
652605,NYT,Will New York Times (NYT) beat quarterly earnings?,1,llm,0.84,YES,,0.0,New York Times Earnings,0.95,train,2025-10-28,0.84,57.42,2025-11-04,57.75,resolution-1d,0.3,-2.59,0.57,2025-10-28 00:00:00+00:00,2025-11-04 00:00:00+00:00,2025-10-28,2025-11-05,284,event_priority,earnings,2,0.0020942222248259146,0.002094,0.84,,,2,2,1,,,,0,117,0.05,6718.14,135297.88,4.9654,3.92,3.77,71,resolution-1d,38.61,23.22,0.3456,15.39,6756.75,9.995
652577,CRL,Will Charles River Laboratories (CRL) beat quarterly earnings?,1,llm,0.82,YES,,0.0,Charles River Laboratories Earnings,1.0,train,2025-10-28,0.82,187.93,2025-11-04,177.85,resolution-1d,1.85,-7.47,-5.36,2025-10-28 00:00:00+00:00,2025-11-04 00:00:00+00:00,2025-10-28,2025-11-05,290,event_priority,earnings,2,-0.037638294497443714,-0.037638,0.82,,,3,3,3,,,,0,35,0.05,6577.55,135290.2,4.8618,3.9,3.64,72,resolution-1d,-352.8,-367.43,-5.5862,14.63,6224.75,9.2081
655260,MCD,Will McDonald’s (MCD) beat quarterly earnings?,1,llm,0.75,YES,,0.0,McDonald's Earnings,0.98,train,2025-10-29,0.75,302.35,2025-11-04,299.21,resolution-1d,0.67,-2.62,-1.04,2025-10-29 00:00:00+00:00,2025-11-04 00:00:00+00:00,2025-10-29,2025-11-05,296,event_priority,earnings,2,0.0,0.0,0.75,,,5,5,2,,,,0,22,0.05,6651.7,133949.6,4.9658,3.87,3.68,77,resolution-1d,-69.08,-84.09,-1.2642,15.01,6582.62,9.7375
657295,ICUI,Will ICU Medical (ICUI) beat quarterly earnings?,1,llm,0.825,YES,5.0,5.0,ICU Medical Earnings,1.0,train,2025-10-31,0.825,120.09,2025-11-04,123.69,profit_lock_3%,3.17,-4.24,3.0,2025-10-31 00:00:00+00:00,2025-11-04 00:00:00+00:00,2025-10-31,2025-11-06,315,event_priority,earnings,2,0.002922987141851241,0.002923,0.825,,,2,2,6,,,,0,55,0.05,6604.95,134331.06,4.9169,3.73,3.65,81,profit_lock_3%,198.0,182.93,2.7696,15.07,6802.95,10.0635
655449,FIS,Will Fidelity National Information Services (FIS) beat quarterly earnings?,1,llm,0.855,YES,,0.0,Fidelity National Information Services Earnings,0.95,train,2025-11-03,0.855,62.2,2025-11-04,63.15,resolution-1d,0.0,-1.8,1.53,2025-11-03 00:00:00+00:00,2025-11-04 00:00:00+00:00,2025-10-29,2025-11-05,298,event_priority,earnings,2,0.0,0.0,0.855,,,3,3,2,,,,0,240,0.11104846754794716,14928.0,134624.77,11.0886,8.22,8.3,85,resolution-1d,228.0,194.72,1.3044,33.28,15156.0,22.4205
657013,RL,Will Ralph Lauren (RL) beat quarterly earnings?,1,llm,0.84,YES,5.0,5.0,Ralph Lauren Earnings,1.0,train,2025-10-31,0.84,319.66,2025-11-05,316.9,resolution-1d,1.07,-4.1,-0.86,2025-10-31 00:00:00+00:00,2025-11-05 00:00:00+00:00,2025-10-31,2025-11-06,319,event_priority,earnings,2,-0.009972748922225216,-0.009973,0.84,,,1,1,11,,,,0,20,0.05,6393.2,134338.5,4.759,3.9,3.55,80,resolution-1d,-55.2,-69.86,-1.0927,14.66,6338.0,9.3432
656996,DDOG,Will Datadog (DDOG) beat quarterly earnings?,1,llm,0.815,YES,6.0,6.0,Datadog Earnings,1.0,train,2025-10-31,0.815,162.81,2025-11-05,154.98,resolution-1d,1.7,-4.99,-4.81,2025-10-31 00:00:00+00:00,2025-11-05 00:00:00+00:00,2025-10-31,2025-11-06,316,event_priority,earnings,2,0.03654415207689343,0.036544,0.815,,,3,3,1,,,,0,41,0.05,6675.21,134323.68,4.9695,3.84,3.69,82,resolution-1d,-321.03,-335.79,-5.0304,14.76,6354.18,9.3671
657004,ED,Will Consolidated Edison (ED) beat quarterly earnings?,1,llm,0.895,YES,6.0,6.0,Consolidated Edison Earnings,1.0,train,2025-11-03,0.895,96.64,2025-11-05,96.11,resolution-1d,1.41,-1.18,-0.55,2025-11-03 00:00:00+00:00,2025-11-05 00:00:00+00:00,2025-10-31,2025-11-06,328,event_priority,earnings,2,-0.007943769833006487,-0.007944,0.895,,,1,1,14,,,,0,154,0.11104846754794716,14882.56,134657.02,11.0522,8.22,7.98,83,resolution-1d,-81.62,-113.91,-0.7654,32.29,14800.94,21.8201
657072,H,Will Hyatt Hotels (H) beat quarterly earnings?,1,llm,0.875,NO,6.0,6.0,Hyatt Hotels Earnings,1.0,train,2025-11-03,0.875,136.66,2025-11-05,138.0,resolution-1d,0.61,-1.81,0.98,2025-11-03 00:00:00+00:00,2025-11-05 00:00:00+00:00,2025-10-31,2025-11-06,322,event_priority,earnings,2,-0.02227116673935603,-0.022271,0.875,,,2,2,15,,,,0,109,0.11104846754794716,14895.94,134640.81,11.0635,8.21,7.83,84,resolution-1d,146.06,113.84,0.7642,32.22,15042.0,22.1757
658589,CELH,Will Celsius Holdings (CELH) beat quarterly earnings?,1,llm,0.855,NO,5.0,5.0,Celsius Holdings Earnings,1.0,train,2025-11-03,0.855,59.25,2025-11-05,59.92,resolution-1d,1.1,-4.02,1.13,2025-11-03 00:00:00+00:00,2025-11-05 00:00:00+00:00,2025-11-01,2025-11-06,331,event_priority,earnings,2,0.0,0.0,0.855,,,4,3,2,,,,0,252,0.11104846754794716,14931.0,134608.25,11.0922,8.24,8.35,86,resolution-1d,168.84,135.51,0.9076,33.33,15099.84,22.2602
668475,PXLW,Will Pixelworks (PXLW) beat quarterly earnings?,1,llm,0.835,YES,3.0,3.0,Pixelworks Earnings,0.95,train,2025-11-07,0.835,6.28,2025-11-10,6.13,resolution-1d,0.0,-8.44,-2.39,2025-11-07 00:00:00+00:00,2025-11-10 00:00:00+00:00,2025-11-07,2025-11-11,358,event_priority,earnings,2,0.02782325246794448,0.027823,0.835,,,3,3,2,,,,0,2581,0.12176858932179163,16208.68,133336.97,12.1562,8.91,17.14,89,resolution-1d,-387.15,-438.83,-2.7074,51.68,15821.53,23.1802
668496,CSCO,Will Cisco Systems (CSCO) beat quarterly earnings?,1,llm,0.885,YES,7.0,7.0,Cisco Systems Earnings,1.0,train,2025-11-07,0.885,71.07,2025-11-11,72.49,profit_lock_2%,2.01,-0.75,2.0,2025-11-07 00:00:00+00:00,2025-11-11 00:00:00+00:00,2025-11-07,2025-11-12,353,event_priority,earnings,2,0.0004222801085340677,0.000422,0.885,,,2,2,4,,,,0,228,0.12176858932179163,16203.96,133354.77,12.151,8.89,8.9,88,profit_lock_2%,323.76,287.84,1.7764,35.92,16527.72,24.1722
668506,AMAT,Will Applied Materials (AMAT) beat quarterly earnings?,1,llm,0.8,YES,6.0,6.0,Applied Materials Earnings,1.0,train,2025-11-07,0.8,230.07,2025-11-11,234.67,profit_lock_2%,2.81,-2.91,2.0,2025-11-07 00:00:00+00:00,2025-11-11 00:00:00+00:00,2025-11-07,2025-11-13,359,event_priority,earnings,2,-0.014816047073883953,-0.014816,0.8,,,4,4,6,,,,0,70,0.12176858932179163,16104.9,133310.93,12.0807,8.92,8.4,90,profit_lock_2%,322.0,287.11,1.7827,34.89,16426.9,24.0254
668512,GAMB,Will Gambling.com Group (GAMB) beat quarterly earnings?,1,llm,0.775,YES,4.0,4.0,Gambling.com Group Earnings,0.95,train,2025-11-07,0.775,6.65,2025-11-11,6.92,profit_lock_4%,4.96,-2.78,4.0,2025-11-07 00:00:00+00:00,2025-11-11 00:00:00+00:00,2025-11-07,2025-11-13,352,event_priority,earnings,2,-0.004490978105107568,-0.004491,0.775,,,5,5,5,,,,0,2436,0.12176858932179163,16199.4,133293.61,12.1532,8.86,16.63,91,profit_lock_4%,657.72,606.04,3.7411,51.68,16857.12,24.6427
668460,CRCL,Will Circle Internet Group (CRCL) beat quarterly earnings?,1,llm,0.765,YES,3.0,3.0,Circle Internet Group Earnings,0.95,train,2025-11-07,0.765,103.14,2025-11-11,110.36,profit_lock_7%,7.17,-6.83,7.0,2025-11-07 00:00:00+00:00,2025-11-11 00:00:00+00:00,2025-11-07,2025-11-12,355,event_priority,earnings,2,0.03129684218138884,0.031297,0.765,,,6,6,1,,,,0,157,0.12176858932179163,16192.98,133268.12,12.1507,8.91,8.65,92,profit_lock_7%,1133.54,1097.28,6.7763,36.26,17326.52,25.3409
668497,DIS,Will The Walt Disney Company (DIS) beat quarterly earnings?,1,llm,0.905,YES,6.0,6.0,The Walt Disney Company Earnings,1.0,train,2025-11-07,0.905,110.74,2025-11-12,116.65,resolution-1d,3.82,-0.63,5.34,2025-11-07 00:00:00+00:00,2025-11-12 00:00:00+00:00,2025-11-07,2025-11-13,357,event_priority,earnings,2,0.00226264824720368,0.002263,0.905,,,1,1,3,,,,0,146,0.12176858932179163,16168.04,133372.28,12.1225,8.92,8.6,87,resolution-1d,862.86,826.98,5.1149,35.88,17030.9,24.8947
668514,SPCE,Will Virgin Galactic Holdings (SPCE) beat quarterly earnings?,1,llm,0.805,YES,3.0,3.0,Virgin Galactic Earnings,0.95,train,2025-11-10,0.805,3.59,2025-11-12,3.62,resolution-1d,1.39,-2.51,0.84,2025-11-10 00:00:00+00:00,2025-11-12 00:00:00+00:00,2025-11-07,2025-11-13,351,event_priority,earnings,2,0.0027932934850189994,0.002793,0.805,,,1,1,1,,,,0,3661,0.09762436627504334,13142.99,134915.22,9.7417,7.29,19.38,93,resolution-1d,109.83,56.39,0.429,53.44,13252.82,19.3539
675505,PANW,Will Palo Alto Networks (PANW) beat quarterly earnings?,1,llm,0.895,YES,6.0,6.0,Palo Alto Networks Earnings,0.98,train,2025-11-11,0.895,218.27,2025-11-14,202.11,trailing_4.0ATR,0.81,-9.1,-7.4,2025-11-11 00:00:00+00:00,2025-11-14 00:00:00+00:00,2025-11-11,2025-11-19,379,event_priority,earnings,2,0.0079893370276507,0.007989,0.895,,,2,1,10,,,,0,65,0.10441682025541481,14187.55,136589.57,10.387,7.87,7.44,95,trailing_4.0ATR,-1050.4,-1079.91,-7.6116,29.51,13137.15,19.5302
675008,ACM,Will AECOM (ACM) beat quarterly earnings?,1,llm,0.84,YES,5.0,5.0,AECOM Earnings,0.95,train,2025-11-11,0.84,131.73,2025-11-14,134.36,profit_lock_2%,2.88,-1.53,2.0,2025-11-11 00:00:00+00:00,2025-11-14 00:00:00+00:00,2025-11-11,2025-11-18,368,event_priority,earnings,2,0.008112019388132774,0.008112,0.84,,,8,8,9,,,,0,53,0.10441682025541481,6981.69,136494.67,5.115,4.05,3.84,101,profit_lock_2%,139.39,123.48,1.7687,15.91,7121.08,10.586
668520,SNEX,Will StoneX Group (SNEX) beat quarterly earnings?,1,llm,0.77,YES,4.0,4.0,StoneX Group Earnings,0.95,train,2025-11-13,0.77,59.27,2025-11-17,60.46,profit_lock_2%,2.07,-4.83,2.0,2025-11-13 00:00:00+00:00,2025-11-17 00:00:00+00:00,2025-11-07,2025-11-24,356,event_priority,earnings,2,0.03485534964744641,0.034855,0.77,,,1,1,1,,,,0,202,0.08979656368001704,11972.54,133595.33,8.9618,6.68,6.69,103,profit_lock_2%,240.38,213.41,1.7825,26.97,12212.92,18.3264
675510,WIX,Will Wix.Com (WIX) beat quarterly earnings?,1,llm,0.895,YES,6.0,6.0,Wix.Com Earnings,0.95,train,2025-11-11,0.895,132.97,2025-11-18,126.92,resolution-1d,1.53,-6.96,-4.55,2025-11-11 00:00:00+00:00,2025-11-18 00:00:00+00:00,2025-11-11,2025-11-19,384,event_priority,earnings,2,0.012333422473622013,0.012333,0.895,,,1,1,4,,,,0,107,0.10441682025541481,14227.79,136604.94,10.4153,7.88,7.49,94,resolution-1d,-647.35,-677.4,-4.7611,30.05,13580.44,20.5517
675504,NVDA,Will NVIDIA (NVDA) beat quarterly earnings?,1,llm,0.895,YES,7.0,7.0,NVIDIA Earnings,1.0,train,2025-11-11,0.895,193.16,2025-11-18,181.36,resolution-1d,1.41,-6.99,-6.11,2025-11-11 00:00:00+00:00,2025-11-18 00:00:00+00:00,2025-11-11,2025-11-19,367,event_priority,earnings,2,-0.02959055161690649,-0.029591,0.895,,,3,1,28,,,,0,73,0.10441682025541481,14100.68,136574.26,10.3246,7.85,7.4,96,resolution-1d,-861.4,-890.95,-6.3185,29.55,13239.28,20.0354
674922,PD,Will PagerDuty (PD) beat quarterly earnings?,1,llm,0.855,YES,5.0,5.0,PagerDuty Earnings,0.95,train,2025-11-11,0.855,16.11,2025-11-18,14.73,trailing_4.0ATR,1.3,-8.57,-8.55,2025-11-11 00:00:00+00:00,2025-11-18 00:00:00+00:00,2025-11-11,2025-11-25,366,event_priority,earnings,2,0.02546152585826289,0.025462,0.855,,,6,6,1,,,,0,883,0.10441682025541481,14225.13,136528.04,10.4192,7.86,10.2,99,trailing_4.0ATR,-1218.54,-1253.4,-8.8112,34.86,13006.59,19.6791
675508,VIK,Will Viking Holdings (VIK) beat quarterly earnings?,1,llm,0.78,YES,4.0,4.0,Viking Holdings Earnings,0.95,train,2025-11-14,0.78,59.31,2025-11-18,58.27,resolution-1d,0.89,-4.45,-1.75,2025-11-14 00:00:00+00:00,2025-11-18 00:00:00+00:00,2025-11-11,2025-11-19,382,event_priority,earnings,2,0.007043403679727334,0.007043,0.78,,,2,2,1,,,,0,125,0.055645402680071586,7413.75,133493.04,5.5537,4.27,4.14,105,resolution-1d,-130.0,-146.68,-1.9785,16.68,7283.75,11.0221
675540,BBWI,Will Bath & Body Works (BBWI) beat quarterly earnings?,1,llm,0.87,NO,5.0,5.0,Bath & Body Works Earnings,0.95,train,2025-11-14,0.87,22.0,2025-11-19,21.04,resolution-1d,1.95,-5.18,-4.36,2025-11-14 00:00:00+00:00,2025-11-19 00:00:00+00:00,2025-11-11,2025-11-20,395,event_priority,earnings,2,-0.020954133495694638,-0.020954,0.87,,,1,1,2,,,,0,337,0.055645402680071586,7414.0,133502.2,5.5535,4.27,4.89,104,resolution-1d,-323.52,-341.49,-4.6061,17.97,7090.48,10.6872
675612,BJ,Will BJ's Wholesale Club Holdings (BJ) beat quarterly earnings?,1,llm,0.89,YES,6.0,6.0,BJ's Wholesale Club Earnings,0.95,train,2025-11-11,0.89,93.37,2025-11-20,90.59,resolution-1d,1.92,-5.6,-2.98,2025-11-11 00:00:00+00:00,2025-11-20 00:00:00+00:00,2025-11-11,2025-11-21,390,event_priority,earnings,2,0.01599566046023604,0.015996,0.89,,,4,4,3,,,,0,152,0.10441682025541481,14192.24,136559.01,10.3928,7.8,7.63,97,resolution-1d,-422.56,-453.02,-3.192,30.46,13769.68,21.079
675603,ZM,Will Zoom Communications (ZM) beat quarterly earnings?,1,llm,0.86,YES,6.0,6.0,Zoom Communications Earnings,0.95,train,2025-11-11,0.86,84.59,2025-11-21,78.63,resolution-1d,1.08,-8.48,-7.05,2025-11-11 00:00:00+00:00,2025-11-21 00:00:00+00:00,2025-11-11,2025-11-24,389,event_priority,earnings,2,0.017195678364704037,0.017196,0.86,,,5,5,2,,,,0,168,0.10441682025541481,14211.12,136543.59,10.4078,7.85,7.69,98,resolution-1d,-1001.28,-1031.33,-7.2572,30.05,13209.84,20.0224
675615,ADSK,Will Autodesk (ADSK) beat quarterly earnings?,1,llm,0.855,YES,6.0,6.0,Autodesk Earnings,0.95,train,2025-11-11,0.855,301.86,2025-11-24,289.85,resolution-1d,0.44,-5.15,-3.98,2025-11-11 00:00:00+00:00,2025-11-24 00:00:00+00:00,2025-11-11,2025-11-25,393,event_priority,earnings,2,0.01051146263399838,0.010511,0.855,,,7,6,6,,,,0,47,0.10441682025541481,14187.42,136509.98,10.393,7.87,7.44,100,resolution-1d,-564.47,-594.47,-4.1902,30.0,13622.95,20.3494
674923,BURL,Will Burlington Stores (BURL) beat quarterly earnings?,1,llm,0.805,YES,6.0,6.0,Burlington Stores Earnings,0.95,train,2025-11-12,0.805,287.04,2025-11-24,295.65,profit_lock_3%,3.83,-6.02,3.0,2025-11-12 00:00:00+00:00,2025-11-24 00:00:00+00:00,2025-11-11,2025-11-25,377,event_priority,earnings,2,0.014392050587563432,0.014392,0.805,,,1,1,1,,,,0,42,0.08979656368001704,12055.68,136099.69,8.858,6.76,6.38,102,profit_lock_3%,361.62,335.02,2.779,26.6,12417.3,18.5484
675620,KSS,Will Kohls (KSS) beat quarterly earnings?,1,llm,0.805,YES,6.0,6.0,Kohls Earnings,1.0,train,2025-11-17,0.805,15.99,2025-11-24,15.73,resolution-1d,1.56,-7.13,-1.63,2025-11-17 00:00:00+00:00,2025-11-24 00:00:00+00:00,2025-11-11,2025-11-25,387,event_priority,earnings,2,0.003908414038000796,0.003908,0.805,,,1,1,1,,,,0,842,0.10302420360613997,13463.58,130945.08,10.2819,7.47,9.68,106,resolution-1d,-218.92,-252.97,-1.8789,34.05,13244.66,19.7804
696257,OKTA,Will Okta (OKTA) beat quarterly earnings?,1,llm,0.88,YES,6.0,6.0,Okta Earnings,1.0,train,2025-11-24,0.88,79.15,2025-11-26,81.52,profit_lock_3%,3.25,-1.38,3.0,2025-11-24 00:00:00+00:00,2025-11-26 00:00:00+00:00,2025-11-22,2025-12-02,402,event_priority,earnings,2,0.0,0.0,0.88,,,3,2,1,,,,0,83,0.05,6569.45,131538.2,4.9943,3.81,3.63,109,profit_lock_3%,196.71,181.62,2.7646,15.09,6766.16,9.9437
697452,CXM,Will Sprinklr (CXM) beat quarterly earnings?,1,llm,0.87,YES,5.0,5.0,Sprinklr Earnings,1.0,train,2025-11-24,0.87,7.09,2025-11-26,7.3,profit_lock_3%,3.81,-0.85,3.0,2025-11-24 00:00:00+00:00,2025-11-26 00:00:00+00:00,2025-11-23,2025-12-03,412,event_priority,earnings,2,0.0,0.0,0.87,,,4,4,1,,,,0,926,0.05,6565.34,131530.76,4.9915,3.82,6.52,110,profit_lock_3%,194.46,173.59,2.644,20.87,6759.8,9.9301
697447,SNOW,Will Snowflake (SNOW) beat quarterly earnings?,1,llm,0.865,YES,7.0,7.0,Snowflake Earnings,1.0,train,2025-11-24,0.865,241.99,2025-11-26,249.25,profit_lock_3%,3.72,-2.45,3.0,2025-11-24 00:00:00+00:00,2025-11-26 00:00:00+00:00,2025-11-23,2025-12-03,409,event_priority,earnings,2,0.0,0.0,0.865,,,5,5,1,,,,0,27,0.05,6533.73,131520.41,4.9678,3.82,3.62,111,profit_lock_3%,196.02,180.97,2.7697,15.05,6729.75,9.8901
697470,DOCU,Will DocuSign (DOCU) beat quarterly earnings?,1,llm,0.86,YES,6.0,6.0,DocuSign Earnings,1.0,train,2025-11-24,0.86,65.93,2025-11-26,67.91,profit_lock_3%,3.66,-1.0,3.0,2025-11-24 00:00:00+00:00,2025-11-26 00:00:00+00:00,2025-11-23,2025-12-04,416,event_priority,earnings,2,0.0,0.0,0.86,,,6,6,1,,,,0,99,0.05,6527.07,131512.97,4.9631,3.8,3.61,112,profit_lock_3%,196.02,181.0,2.7731,15.02,6723.09,9.8804
697468,IOT,Will Samsara (IOT) beat quarterly earnings?,1,llm,0.855,YES,6.0,6.0,Samsara Earnings,1.0,train,2025-11-24,0.855,36.28,2025-11-26,37.37,profit_lock_3%,3.43,-1.1,3.0,2025-11-24 00:00:00+00:00,2025-11-26 00:00:00+00:00,2025-11-23,2025-12-04,406,event_priority,earnings,2,0.0,0.0,0.855,,,7,7,1,,,,0,181,0.05,6566.68,131505.56,4.9935,3.8,3.92,113,profit_lock_3%,197.29,181.64,2.7661,15.65,6763.97,9.94
697446,CRM,Will Salesforce (CRM) beat quarterly earnings?,1,llm,0.855,YES,7.0,7.0,Salesforce Earnings,1.0,train,2025-11-24,0.855,226.82,2025-11-26,233.62,profit_lock_3%,3.44,-0.78,3.0,2025-11-24 00:00:00+00:00,2025-11-26 00:00:00+00:00,2025-11-23,2025-12-03,408,event_priority,earnings,2,0.0,0.0,0.855,,,8,7,1,,,,0,28,0.05,6350.96,131497.84,4.8297,3.82,3.53,114,profit_lock_3%,190.4,175.63,2.7654,14.77,6541.36,9.6133
697469,RBRK,Will Rubrik (RBRK) beat quarterly earnings?,1,llm,0.85,YES,5.0,5.0,Rubrik Earnings,1.0,train,2025-11-24,0.85,67.39,2025-11-26,68.74,profit_lock_2%,2.52,-2.34,2.0,2025-11-24 00:00:00+00:00,2025-11-26 00:00:00+00:00,2025-11-23,2025-12-04,413,event_priority,earnings,2,0.0,0.0,0.85,,,10,9,1,,,,0,97,0.05,6536.83,131483.4,4.9716,3.56,3.62,116,profit_lock_2%,130.95,116.22,1.7779,14.73,6667.78,9.7991
696247,MDB,Will MongoDB (MDB) beat quarterly earnings?,1,llm,0.885,YES,7.0,7.0,MongoDB Earnings,1.0,train,2025-11-24,0.885,330.63,2025-11-28,332.37,resolution-1d,0.87,-2.45,0.53,2025-11-24 00:00:00+00:00,2025-11-28 00:00:00+00:00,2025-11-22,2025-12-01,404,event_priority,earnings,2,0.0,0.0,0.885,,,1,1,1,,,,0,19,0.05,6281.97,131553.09,4.7752,3.82,3.49,107,resolution-1d,33.06,18.56,0.2955,14.5,6315.03,9.2302
696263,UNFI,Will United Natural Foods (UNFI) beat quarterly earnings?,1,llm,0.88,YES,5.0,5.0,United Natural Foods Earnings,1.0,train,2025-11-24,0.88,35.55,2025-11-28,38.04,profit_lock_7%,7.23,-1.63,7.0,2025-11-24 00:00:00+00:00,2025-11-28 00:00:00+00:00,2025-11-22,2025-12-02,400,event_priority,earnings,2,0.0,0.0,0.88,,,2,2,1,,,,0,184,0.05,6541.2,131545.78,4.9726,3.67,3.91,108,profit_lock_7%,458.16,442.4,6.7632,15.76,6999.36,10.2301
696252,CRWD,Will CrowdStrike Holdings (CRWD) beat quarterly earnings?,1,llm,0.85,YES,7.0,7.0,CrowdStrike Earnings,1.0,train,2025-11-24,0.85,506.82,2025-12-01,504.13,resolution-1d,1.61,-2.72,-0.53,2025-11-24 00:00:00+00:00,2025-12-01 00:00:00+00:00,2025-11-22,2025-12-02,403,event_priority,earnings,2,0.0,0.0,0.85,,,9,9,1,,,,0,12,0.05,6081.84,131490.5,4.6253,3.71,3.39,115,resolution-1d,-32.28,-46.29,-0.7612,14.01,6049.56,8.8827
703110,MU,Will Micron Technology (MU) beat quarterly earnings?,1,llm,0.805,YES,7.0,7.0,Micron Technology Earnings,1.0,train,2025-11-26,0.805,230.26,2025-12-01,237.17,profit_lock_3%,3.4,-1.85,3.0,2025-11-26 00:00:00+00:00,2025-12-01 00:00:00+00:00,2025-11-26,2025-12-17,431,event_priority,earnings,2,0.025519956169292923,0.02552,0.805,,,1,1,1,,,,0,29,0.05,6677.54,134053.58,4.9812,3.87,3.69,117,profit_lock_3%,200.39,185.06,2.7715,15.33,6877.93,10.0992
700377,FIVE,Will Five Below (FIVE) beat quarterly earnings?,1,llm,0.745,YES,6.0,6.0,Five Below Earnings,1.0,train,2025-12-01,0.745,161.79,2025-12-02,158.9,resolution-1d,0.0,-1.81,-1.79,2025-12-01 00:00:00+00:00,2025-12-02 00:00:00+00:00,2025-11-25,2025-12-03,422,event_priority,earnings,2,0.037182932540790636,0.037183,0.745,,,1,1,1,,,,0,41,0.05,6633.39,134608.76,4.9279,3.89,3.67,121,resolution-1d,-118.49,-133.44,-2.0117,14.95,6514.9,9.5484
703175,LW,Will Lamb Weston Holdings (LW) beat quarterly earnings?,1,llm,0.82,YES,5.0,5.0,Lamb Weston Earnings,0.95,train,2025-11-28,0.82,59.06,2025-12-04,60.24,profit_lock_2%,2.85,-0.9,2.0,2025-11-28 00:00:00+00:00,2025-12-04 00:00:00+00:00,2025-11-26,2025-12-19,426,event_priority,earnings,2,0.010167807251053818,0.010168,0.82,,,1,1,1,,,,0,114,0.05,6732.84,135084.47,4.9842,3.91,3.77,118,profit_lock_2%,134.52,119.04,1.768,15.48,6867.36,10.0229
703174,PAYX,Will Paychex (PAYX) beat quarterly earnings?,1,llm,0.745,YES,7.0,7.0,Paychex Earnings,1.0,train,2025-12-01,0.745,110.54,2025-12-04,112.75,profit_lock_2%,2.79,-0.71,2.0,2025-12-01 00:00:00+00:00,2025-12-04 00:00:00+00:00,2025-11-26,2025-12-18,427,event_priority,earnings,2,-0.00624384037491077,-0.006244,0.745,,,2,1,2,,,,0,60,0.05,6632.4,134601.2,4.9274,3.85,3.67,122,profit_lock_2%,132.6,117.43,1.7706,15.17,6765.0,9.8735
701948,ORCL,Will Oracle (ORCL) beat quarterly earnings?,1,llm,0.76,YES,7.0,7.0,Oracle Earnings,1.0,train,2025-12-03,0.76,207.73,2025-12-05,213.96,profit_lock_3%,3.7,-4.01,3.0,2025-12-03 00:00:00+00:00,2025-12-05 00:00:00+00:00,2025-11-25,2025-12-08,418,event_priority,earnings,2,-0.01622728190437739,-0.016227,0.76,,,1,1,1,,,,0,32,0.05,6647.36,135323.22,4.9122,3.91,3.67,124,profit_lock_3%,199.36,184.05,2.7687,15.31,6846.72,9.9739
701994,MTN,Will Vail Resorts (MTN) beat quarterly earnings?,1,llm,0.865,YES,6.0,6.0,Vail Resorts Earnings,1.0,train,2025-12-05,0.865,144.36,2025-12-09,145.46,resolution-1d,1.0,-2.15,0.76,2025-12-05 00:00:00+00:00,2025-12-09 00:00:00+00:00,2025-11-25,2025-12-10,423,event_priority,earnings,2,0.038441616565975556,0.038442,0.865,,,1,1,2,,,,0,46,0.05,6640.56,135582.92,4.8978,3.91,3.67,128,resolution-1d,50.6,35.45,0.5338,15.15,6691.16,9.7851
701960,CHWY,Will Chewy (CHWY) beat quarterly earnings?,1,llm,0.86,YES,6.0,6.0,Chewy Earnings,0.95,train,2025-12-05,0.86,33.47,2025-12-09,34.81,profit_lock_4%,4.12,-1.09,4.0,2025-12-05 00:00:00+00:00,2025-12-09 00:00:00+00:00,2025-11-28,2025-12-10,437,event_priority,earnings,2,0.06951714096932271,0.069517,0.86,,,2,2,1,,,,0,202,0.05,6760.94,135575.33,4.9869,3.86,4.09,129,profit_lock_4%,270.68,254.45,3.7635,16.23,7031.62,10.2825
703171,FDS,Will FactSet Research Systems (FDS) beat quarterly earnings?,1,llm,0.77,YES,7.0,7.0,FactSet Earnings,0.95,train,2025-12-05,0.77,290.63,2025-12-10,288.2,poly<0.5705705203040348,0.0,-4.34,-0.84,2025-12-05 00:00:00+00:00,2025-12-10 00:00:00+00:00,2025-11-27,2025-12-18,436,event_priority,earnings,2,-0.004735791885300378,-0.004736,0.77,,,3,3,3,,,,0,23,0.05,6684.49,135567.39,4.9308,3.92,3.69,130,poly<0.5705705203040348,-55.89,-71.01,-1.0623,15.12,6628.6,9.6297
703176,CCL,Will Carnival (CCL) beat quarterly earnings?,1,llm,0.765,YES,6.0,6.0,Carnival Earnings,0.95,train,2025-11-28,0.765,25.78,2025-12-11,26.55,profit_lock_3%,3.03,-1.98,3.0,2025-11-28 00:00:00+00:00,2025-12-11 00:00:00+00:00,2025-11-26,2025-12-19,425,event_priority,earnings,2,-0.011275233900497672,-0.011275,0.765,,,3,3,3,,,,0,261,0.05,6728.58,135069.19,4.9816,3.89,4.28,120,profit_lock_3%,200.97,184.42,2.7408,16.55,6929.55,10.0428
703122,FDX,Will FedEx (FDX) beat quarterly earnings?,1,llm,0.92,YES,6.0,6.0,FedEx Earnings,1.0,train,2025-12-04,0.92,220.83,2025-12-11,229.66,profit_lock_4%,4.17,-2.94,4.0,2025-12-04 00:00:00+00:00,2025-12-11 00:00:00+00:00,2025-11-26,2025-12-18,432,event_priority,earnings,2,0.007156632377336436,0.007157,0.92,,,1,1,2,,,,0,30,0.05,6624.9,135399.35,4.8929,3.92,3.66,125,profit_lock_4%,264.9,249.54,3.7667,15.36,6889.8,9.986
703121,NKE,Will NIKE (NKE) beat quarterly earnings?,1,llm,0.905,YES,6.0,6.0,NIKE Earnings,1.0,train,2025-12-04,0.905,65.69,2025-12-12,67.66,profit_lock_3%,3.24,-4.14,3.0,2025-12-04 00:00:00+00:00,2025-12-12 00:00:00+00:00,2025-11-26,2025-12-18,429,event_priority,earnings,2,0.010207310344910292,0.010207,0.905,,,2,2,1,,,,0,102,0.05,6700.38,135391.76,4.9489,3.85,3.71,126,profit_lock_3%,200.94,185.58,2.7697,15.36,6901.32,10.1114
703120,ACN,Will Accenture (ACN) beat quarterly earnings?,1,llm,0.87,YES,7.0,7.0,Accenture Earnings,1.0,train,2025-12-04,0.87,269.34,2025-12-12,277.42,profit_lock_3%,3.09,-1.61,3.0,2025-12-04 00:00:00+00:00,2025-12-12 00:00:00+00:00,2025-11-26,2025-12-18,428,event_priority,earnings,2,-0.005537012589496126,-0.005537,0.87,,,3,3,3,,,,0,25,0.05,6733.5,135384.21,4.9736,3.89,3.72,127,profit_lock_3%,202.0,186.57,2.7707,15.43,6935.5,10.1615
899880,KBH,Will KB Home (KBH) beat quarterly earnings?,1,llm,0.88,YES,6.0,6.0,KB Home Earnings,0.95,train,2025-12-09,0.88,61.69,2025-12-12,66.01,profit_lock_7%,7.07,-0.75,7.0,2025-12-09 00:00:00+00:00,2025-12-12 00:00:00+00:00,2025-12-09,2025-12-18,442,event_priority,earnings,2,0.0,0.0,0.88,,,1,1,1,,,,0,109,0.05,6724.21,135073.83,4.9782,3.87,3.74,131,profit_lock_7%,470.88,455.15,6.7688,15.73,7195.09,10.5418
899879,LEN,Will Lennar Corp (LEN) beat quarterly earnings?,1,llm,0.855,YES,6.0,6.0,Lennar Earnings,1.0,train,2025-12-10,0.855,120.03,2025-12-12,122.43,profit_lock_2%,2.3,-2.14,2.0,2025-12-10 00:00:00+00:00,2025-12-12 00:00:00+00:00,2025-12-09,2025-12-16,440,event_priority,earnings,2,0.0,0.0,0.855,,,1,1,1,,,,0,56,0.05,6721.68,136757.22,4.915,3.95,3.71,132,profit_lock_2%,134.4,119.0,1.7703,15.4,6856.08,10.0451
703111,GIS,Will General Mills (GIS) beat quarterly earnings?,1,llm,0.8,YES,7.0,7.0,General Mills Earnings,1.0,train,2025-12-02,0.8,45.93,2025-12-15,46.85,profit_lock_2%,2.07,-1.7,2.0,2025-12-02 00:00:00+00:00,2025-12-15 00:00:00+00:00,2025-11-26,2025-12-17,430,event_priority,earnings,2,0.004685780669454687,0.004686,0.8,,,1,1,1,,,,0,146,0.05,6705.78,134549.86,4.9839,3.85,3.86,123,profit_lock_2%,134.32,118.72,1.7705,15.6,6840.1,10.0366
703173,CTAS,Will Cintas (CTAS) beat quarterly earnings?,1,llm,0.785,YES,7.0,7.0,Cintas Earnings,1.0,train,2025-11-28,0.785,186.02,2025-12-16,189.74,profit_lock_2%,2.58,-1.79,2.0,2025-11-28 00:00:00+00:00,2025-12-16 00:00:00+00:00,2025-11-26,2025-12-18,433,event_priority,earnings,2,0.005063472226503052,0.005063,0.785,,,2,2,2,,,,0,36,0.05,6696.72,135076.8,4.9577,3.91,3.7,119,profit_lock_2%,133.92,118.59,1.7709,15.33,6830.64,10.0504
899881,CAG,Will Conagra Brands (CAG) beat quarterly earnings?,1,llm,0.845,NO,7.0,7.0,Conagra Brands Earnings,0.95,train,2025-12-11,0.845,17.6,2025-12-16,17.95,profit_lock_2%,2.56,-0.97,2.0,2025-12-11 00:00:00+00:00,2025-12-16 00:00:00+00:00,2025-12-09,2025-12-19,441,event_priority,earnings,2,0.0,0.0,0.845,,,1,1,1,,,,0,389,0.05,6846.4,137375.22,4.9837,3.98,4.78,133,profit_lock_2%,136.15,118.51,1.7309,17.64,6982.55,10.2725
